lga_code,lga_name,lga_id,ward_code,ward_name,ward_id,ward_object_id
01,ATAKUMOSA EAST,3704,01,IWARA,24389,5f0f3e368f77bb3acad0a868
01,ATAKUMOSA EAST,3704,02,IGANGAN,24390,5f0f3e368f77bb3acad0a869
01,ATAKUMOSA EAST,3704,03,IPOLE,24391,5f0f3e368f77bb3acad0a86a
01,ATAKUMOSA EAST,3704,04,IPERINDO,24392,5f0f3e368f77bb3acad0a86b
01,ATAKUMOSA EAST,3704,05,ETI-ONI,24393,5f0f3e368f77bb3acad0a86c
01,ATAKUMOSA EAST,3704,06,AYEGUNLE,24394,5f0f3e368f77bb3acad0a86d
01,ATAKUMOSA EAST,3704,07,FOREST RESERVE  1,24395,5f0f3e378f77bb3acad0a86e
01,ATAKUMOSA EAST,3704,08,FOREST RESERVE  II,24396,5f0f3e378f77bb3acad0a86f
01,ATAKUMOSA EAST,3704,09,FAFORIJI,24397,5f0f3e378f77bb3acad0a870
01,ATAKUMOSA EAST,3704,10,AJEBANDELE,24398,5f0f3e378f77bb3acad0a871
02,ATAKUMOSA WEST,3705,01,OSU I,24399,5f0f3e378f77bb3acad0a872
02,ATAKUMOSA WEST,3705,02,OSU II,24400,5f0f3e378f77bb3acad0a873
02,ATAKUMOSA WEST,3705,03,OSU  III,24401,5f0f3e378f77bb3acad0a874
02,ATAKUMOSA WEST,3705,04,IBODI,24402,5f0f3e388f77bb3acad0a875
02,ATAKUMOSA WEST,3705,05,IFELODUN,24403,5f0f3e388f77bb3acad0a876
02,ATAKUMOSA WEST,3705,06,ITAGUNMODI,24404,5f0f3e388f77bb3acad0a877
02,ATAKUMOSA WEST,3705,07,OKE BODE,24405,5f0f3e388f77bb3acad0a878
02,ATAKUMOSA WEST,3705,08,ISA OBI,24406,5f0f3e388f77bb3acad0a879
02,ATAKUMOSA WEST,3705,09,MUROKO,24407,5f0f3e388f77bb3acad0a87a
02,ATAKUMOSA WEST,3705,10,IFEWARA  I,24408,5f0f3e398f77bb3acad0a87b
02,ATAKUMOSA WEST,3705,11,IFEWARA  II,24409,5f0f3e398f77bb3acad0a87c
03,AYEDAADE,3706,01,BALOGUN,24410,5f0f3e398f77bb3acad0a87d
03,AYEDAADE,3706,02,OTUN BALOGUN,24411,5f0f3e398f77bb3acad0a87e
03,AYEDAADE,3706,03,OLUFI,24412,5f0f3e398f77bb3acad0a87f
03,AYEDAADE,3706,04,OTUN-OLUFI,24413,5f0f3e398f77bb3acad0a880
03,AYEDAADE,3706,05,IJEGBE/OKE-ESO/OKE-OWU IJUGBE,24414,5f0f3e398f77bb3acad0a881
03,AYEDAADE,3706,06,LAGERE/AMOLA,24415,5f0f3e3a8f77bb3acad0a882
03,AYEDAADE,3706,07,GBONGAN RURAL,24416,5f0f3e3a8f77bb3acad0a883
03,AYEDAADE,3706,08,ODE-OMU RURAL,24417,5f0f3e3a8f77bb3acad0a884
03,AYEDAADE,3706,09,OBALUFON,24418,5f0f3e3a8f77bb3acad0a885
03,AYEDAADE,3706,10,ANLUGBUA,24419,5f0f3e3a8f77bb3acad0a886
03,AYEDAADE,3706,11,ARAROMI-OWU,24420,5f0f3e3a8f77bb3acad0a887
04,AYEDIRE,3707,01,OLUPONNA  1,24421,5f0f3e3a8f77bb3acad0a888
04,AYEDIRE,3707,02,OLUPONNA  1I,24422,5f0f3e3b8f77bb3acad0a889
04,AYEDIRE,3707,03,OLUPONNA  1II,24423,5f0f3e3b8f77bb3acad0a88a
04,AYEDIRE,3707,04,OKE-OSUN,24424,5f0f3e3b8f77bb3acad0a88b
04,AYEDIRE,3707,05,ILEOGBO  I,24425,5f0f3e3b8f77bb3acad0a88c
04,AYEDIRE,3707,06,ILEOGBO  II,24426,5f0f3e3b8f77bb3acad0a88d
04,AYEDIRE,3707,07,ILEOGBO  III,24427,5f0f3e3b8f77bb3acad0a88e
04,AYEDIRE,3707,08,ILEOGBO  IV,24428,5f0f3e3c8f77bb3acad0a88f
04,AYEDIRE,3707,09,KUTA  I,24429,5f0f3e3c8f77bb3acad0a890
04,AYEDIRE,3707,10,KUTA  II,24430,5f0f3e3c8f77bb3acad0a891
05,BOLUWADURO,3708,01,OKE-OMI OTAN,24431,5f0f3e3c8f77bb3acad0a892
05,BOLUWADURO,3708,02,OKE ODE OTAN,24432,5f0f3e3c8f77bb3acad0a893
05,BOLUWADURO,3708,03,OKE-OTAN,24433,5f0f3e3c8f77bb3acad0a894
05,BOLUWADURO,3708,04,GBELERU OBAALA I,24434,5f0f3e3c8f77bb3acad0a895
05,BOLUWADURO,3708,05,GBELERU OBAALA II,24435,5f0f3e3d8f77bb3acad0a896
05,BOLUWADURO,3708,06,OBALA ILORO,24436,5f0f3e3d8f77bb3acad0a897
05,BOLUWADURO,3708,07,ERIPA,24437,5f0f3e3d8f77bb3acad0a898
05,BOLUWADURO,3708,08,OKE-IRUN,24438,5f0f3e3d8f77bb3acad0a899
05,BOLUWADURO,3708,09,IRESI  I,24439,5f0f3e3d8f77bb3acad0a89a
05,BOLUWADURO,3708,10,IRESI  II,24440,5f0f3e3d8f77bb3acad0a89b
06,BORIPE,3709,01,OLOTI IRAGBIJI,24441,5f0f3e3d8f77bb3acad0a89c
06,BORIPE,3709,02,OJA - OBA,24442,5f0f3e3e8f77bb3acad0a89d
06,BORIPE,3709,03,COLLEGE/EGBADA ROAD,24443,5f0f3e3e8f77bb3acad0a89e
06,BORIPE,3709,04,ISALE-OYO,24444,5f0f3e3e8f77bb3acad0a89f
06,BORIPE,3709,05,AGBA,24445,5f0f3e3e8f77bb3acad0a8a0
06,BORIPE,3709,06,ORORUWO,24446,5f0f3e3e8f77bb3acad0a8a1
06,BORIPE,3709,07,ADA I,24447,5f0f3e3e8f77bb3acad0a8a2
06,BORIPE,3709,08,ADA II,24448,5f0f3e3e8f77bb3acad0a8a3
06,BORIPE,3709,09,ISALE ASA IREE,24449,5f0f3e3f8f77bb3acad0a8a4
06,BORIPE,3709,10,OKE ESA/OKE OGI,24450,5f0f3e3f8f77bb3acad0a8a5
06,BORIPE,3709,11,OKE AREE,24451,5f0f3e3f8f77bb3acad0a8a6
07,EDE NORTH,3710,01,OLABA/ATAPARA,24452,5f0f3e3f8f77bb3acad0a8a7
07,EDE NORTH,3710,02,ABOGUNDE/SAGBA,24453,5f0f3e3f8f77bb3acad0a8a8
07,EDE NORTH,3710,03,OLOGUN/AGBAAKIN,24454,5f0f3e3f8f77bb3acad0a8a9
07,EDE NORTH,3710,04,OLUSOKUN,24455,5f0f3e3f8f77bb3acad0a8aa
07,EDE NORTH,3710,05,ALUSEKERE,24456,5f0f3e408f77bb3acad0a8ab
07,EDE NORTH,3710,06,SABO/AGBONGBE I,24457,5f0f3e408f77bb3acad0a8ac
07,EDE NORTH,3710,07,SABO/AGBONGBE II,24458,5f0f3e408f77bb3acad0a8ad
07,EDE NORTH,3710,08,ISIBO/BUARI-ISOLA,24459,5f0f3e408f77bb3acad0a8ae
07,EDE NORTH,3710,09,APASO,24460,5f0f3e408f77bb3acad0a8af
07,EDE NORTH,3710,10,ASUNMO,24461,5f0f3e408f77bb3acad0a8b0
07,EDE NORTH,3710,11,BARA EJEMU,24462,5f0f3e418f77bb3acad0a8b1
08,EDE SOUTH,3711,01,BABANLA/AGATE,24463,5f0f3e418f77bb3acad0a8b2
08,EDE SOUTH,3711,02,KUYE,24464,5f0f3e418f77bb3acad0a8b3
08,EDE SOUTH,3711,03,JAGUN/JAGUN,24465,5f0f3e418f77bb3acad0a8b4
08,EDE SOUTH,3711,04,ALAJUE I,24466,5f0f3e418f77bb3acad0a8b5
08,EDE SOUTH,3711,05,ALAJUE II,24467,5f0f3e418f77bb3acad0a8b6
08,EDE SOUTH,3711,06,OLODAN,24468,5f0f3e418f77bb3acad0a8b7
08,EDE SOUTH,3711,07,BABASANYA,24469,5f0f3e428f77bb3acad0a8b8
08,EDE SOUTH,3711,08,SEKONA,24470,5f0f3e428f77bb3acad0a8b9
08,EDE SOUTH,3711,09,OLOKI/AKODA,24471,5f0f3e428f77bb3acad0a8ba
08,EDE SOUTH,3711,10,LOOGUN,24472,5f0f3e428f77bb3acad0a8bb
09,EGBEDORE,3712,01,AWO/ABUDO,24473,5f0f3e428f77bb3acad0a8bc
09,EGBEDORE,3712,02,ARA I,24474,5f0f3e428f77bb3acad0a8bd
09,EGBEDORE,3712,03,ARA II,24475,5f0f3e428f77bb3acad0a8be
09,EGBEDORE,3712,04,IDO-OSUN,24476,5f0f3e438f77bb3acad0a8bf
09,EGBEDORE,3712,05,IRA GBERI I,24477,5f0f3e438f77bb3acad0a8c0
09,EGBEDORE,3712,06,IRA GBERI II,24478,5f0f3e438f77bb3acad0a8c1
09,EGBEDORE,3712,07,IWOYE/IDOO/ORIGO,24479,5f0f3e438f77bb3acad0a8c2
09,EGBEDORE,3712,08,IKOTUN,24480,5f0f3e438f77bb3acad0a8c3
09,EGBEDORE,3712,09,OJO/ARO,24481,5f0f3e438f77bb3acad0a8c4
09,EGBEDORE,3712,10,OKINNI/OLORUNSOGO/OFATEDO,24482,5f0f3e438f77bb3acad0a8c5
10,EJIGBO,3713,01,ELEJIGBO 'A',24483,5f0f3e438f77bb3acad0a8c6
10,EJIGBO,3713,02,ELEJIGBO 'B'/OSOLO,24484,5f0f3e448f77bb3acad0a8c7
10,EJIGBO,3713,03,ELEJIGBO 'C'/MAPO,24485,5f0f3e448f77bb3acad0a8c8
10,EJIGBO,3713,04,ELEJIGBO 'D'/EJEMU,24486,5f0f3e448f77bb3acad0a8c9
10,EJIGBO,3713,05,ELEJIGBO/AYEGBOGBO,24487,5f0f3e448f77bb3acad0a8ca
10,EJIGBO,3713,06,OLA/AYE/AGURODO,24488,5f0f3e448f77bb3acad0a8cb
10,EJIGBO,3713,07,IFEODAN 'A'/OWU-ILE,24489,5f0f3e448f77bb3acad0a8cc
10,EJIGBO,3713,08,IFEODAN 'B'/MASIFA,24490,5f0f3e458f77bb3acad0a8cd
10,EJIGBO,3713,09,ILAWO/ISOKO/ISUNDUNRIN,24491,5f0f3e458f77bb3acad0a8ce
10,EJIGBO,3713,10,INISA I/AATO/IGBON,24492,5f0f3e458f77bb3acad0a8cf
10,EJIGBO,3713,11,INISA II/AFAAKE/AYEGUNLE,24493,5f0f3e458f77bb3acad0a8d0
11,IFE CENTRAL,3714,01,ILARE I,24494,5f0f3e458f77bb3acad0a8d1
11,IFE CENTRAL,3714,02,ILARE II,24495,5f0f3e458f77bb3acad0a8d2
11,IFE CENTRAL,3714,03,ILARE III,24496,5f0f3e458f77bb3acad0a8d3
11,IFE CENTRAL,3714,04,ILARE IV,24497,5f0f3e468f77bb3acad0a8d4
11,IFE CENTRAL,3714,05,IREMO/AJEBANDELE,24498,5f0f3e468f77bb3acad0a8d5
11,IFE CENTRAL,3714,06,IREMO II (ELEYELE),24499,5f0f3e468f77bb3acad0a8d6
11,IFE CENTRAL,3714,07,IREMO III,24500,5f0f3e468f77bb3acad0a8d7
11,IFE CENTRAL,3714,08,IREMO IV,24501,5f0f3e468f77bb3acad0a8d8
11,IFE CENTRAL,3714,09,IREMO V,24502,5f0f3e468f77bb3acad0a8d9
11,IFE CENTRAL,3714,10,AKARABATA,24503,5f0f3e468f77bb3acad0a8da
11,IFE CENTRAL,3714,11,MOORE OJAJA,24504,5f0f3e478f77bb3acad0a8db
12,IFEDAYO,3715,01,OYI,24505,5f0f3e478f77bb3acad0a8dc
12,IFEDAYO,3715,02,AYETORO,24506,5f0f3e478f77bb3acad0a8dd
12,IFEDAYO,3715,03,ISINMI,24507,5f0f3e478f77bb3acad0a8de
12,IFEDAYO,3715,04,BALOGUN,24508,5f0f3e478f77bb3acad0a8df
12,IFEDAYO,3715,05,OBAALE,24509,5f0f3e478f77bb3acad0a8e0
12,IFEDAYO,3715,06,AWORO/OKE-ILA RURAL,24510,5f0f3e478f77bb3acad0a8e1
12,IFEDAYO,3715,07,ASAONI,24511,5f0f3e488f77bb3acad0a8e2
12,IFEDAYO,3715,08,CO-OPERATIVE,24512,5f0f3e488f77bb3acad0a8e3
12,IFEDAYO,3715,09,AKESIN,24513,5f0f3e488f77bb3acad0a8e4
12,IFEDAYO,3715,10,TEMIDIRE,24514,5f0f3e488f77bb3acad0a8e5
13,IFE EAST,3716,01,MOORE,24515,5f0f3e488f77bb3acad0a8e6
13,IFE EAST,3716,02,ILODE  I,24516,5f0f3e488f77bb3acad0a8e7
13,IFE EAST,3716,03,ILODE  II,24517,5f0f3e488f77bb3acad0a8e8
13,IFE EAST,3716,04,OKEREWE  I,24518,5f0f3e498f77bb3acad0a8e9
13,IFE EAST,3716,05,OKEREWE  II,24519,5f0f3e498f77bb3acad0a8ea
13,IFE EAST,3716,06,OKEREWE  III,24520,5f0f3e498f77bb3acad0a8eb
13,IFE EAST,3716,07,YEKEMI,24521,5f0f3e498f77bb3acad0a8ec
13,IFE EAST,3716,08,MODAKEKE I,24522,5f0f3e498f77bb3acad0a8ed
13,IFE EAST,3716,09,MODAKEKE  II,24523,5f0f3e498f77bb3acad0a8ee
13,IFE EAST,3716,10,MODAKEKE  III,24524,5f0f3e498f77bb3acad0a8ef
14,IFELODUN,3717,01,EESA IKIRUN,24525,5f0f3e4a8f77bb3acad0a8f0
14,IFELODUN,3717,02,AMOLA IKIRUN,24526,5f0f3e4a8f77bb3acad0a8f1
14,IFELODUN,3717,03,OWODE IKIRUN,24527,5f0f3e4a8f77bb3acad0a8f2
14,IFELODUN,3717,04,ISALE/OKE AFO,24528,5f0f3e4a8f77bb3acad0a8f3
14,IFELODUN,3717,05,IKIRUN RURAL,24529,5f0f3e4a8f77bb3acad0a8f4
14,IFELODUN,3717,06,"STATION ROAD, IKIRUN",24530,5f0f3e4a8f77bb3acad0a8f5
14,IFELODUN,3717,07,OKEBA IKIRUN,24531,5f0f3e4b8f77bb3acad0a8f6
14,IFELODUN,3717,08,OLONDE IKIRUN,24532,5f0f3e4b8f77bb3acad0a8f7
14,IFELODUN,3717,09,IBA  I,24533,5f0f3e4b8f77bb3acad0a8f8
14,IFELODUN,3717,10,IBA  II,24534,5f0f3e4b8f77bb3acad0a8f9
14,IFELODUN,3717,11,OBAGUN,24535,5f0f3e4b8f77bb3acad0a8fa
14,IFELODUN,3717,12,EKOENDE/EKO AJALA,24536,5f0f3e4b8f77bb3acad0a8fb
15,IFE NORTH,3718,01,ASIPA/AKINLALU,24537,5f0f3e4b8f77bb3acad0a8fc
15,IFE NORTH,3718,02,EDUNABON  I,24538,5f0f3e4c8f77bb3acad0a8fd
15,IFE NORTH,3718,03,EDUNABON  II,24539,5f0f3e4c8f77bb3acad0a8fe
15,IFE NORTH,3718,04,FAMIA,24540,5f0f3e4c8f77bb3acad0a8ff
15,IFE NORTH,3718,05,YAKOYO,24541,5f0f3e4c8f77bb3acad0a900
15,IFE NORTH,3718,06,IPETUMODU  I,24542,5f0f3e4c8f77bb3acad0a901
15,IFE NORTH,3718,07,IPETUMODU  II,24543,5f0f3e4c8f77bb3acad0a902
15,IFE NORTH,3718,08,MORO,24544,5f0f3e4c8f77bb3acad0a903
15,IFE NORTH,3718,09,OYERE I,24545,5f0f3e4d8f77bb3acad0a904
15,IFE NORTH,3718,10,OYERE - II,24546,5f0f3e4d8f77bb3acad0a905
16,IFE SOUTH,3719,01,AYESAN,24547,5f0f3e4d8f77bb3acad0a906
16,IFE SOUTH,3719,02,IKIJA  I,24548,5f0f3e4d8f77bb3acad0a907
16,IFE SOUTH,3719,03,IKIJA  II,24549,5f0f3e4d8f77bb3acad0a908
16,IFE SOUTH,3719,04,AARE,24550,5f0f3e4d8f77bb3acad0a909
16,IFE SOUTH,3719,05,MEFOWORADE,24551,5f0f3e4d8f77bb3acad0a90a
16,IFE SOUTH,3719,06,OKE OWENA,24552,5f0f3e4e8f77bb3acad0a90b
16,IFE SOUTH,3719,07,OLODE,24553,5f0f3e4e8f77bb3acad0a90c
16,IFE SOUTH,3719,08,OSI,24554,5f0f3e4e8f77bb3acad0a90d
16,IFE SOUTH,3719,09,KERE,24555,5f0f3e4e8f77bb3acad0a90e
16,IFE SOUTH,3719,10,ABIRI OGUDU,24556,5f0f3e4e8f77bb3acad0a90f
16,IFE SOUTH,3719,11,AYE,24557,5f0f3e4e8f77bb3acad0a910
17,ILA,3720,01,EJIGBO  I,24558,5f0f3e4e8f77bb3acad0a911
17,ILA,3720,02,EJIGBO  II,24559,5f0f3e4f8f77bb3acad0a912
17,ILA,3720,03,EJIGBO  III,24560,5f0f3e4f8f77bb3acad0a913
17,ILA,3720,04,ISEDO  I,24561,5f0f3e4f8f77bb3acad0a914
17,ILA,3720,05,ISEDO  II,24562,5f0f3e4f8f77bb3acad0a915
17,ILA,3720,06,IPERIN,24563,5f0f3e4f8f77bb3acad0a916
17,ILA,3720,07,EYINDI,24564,5f0f3e4f8f77bb3acad0a917
17,ILA,3720,08,OKE OLA,24565,5f0f3e4f8f77bb3acad0a918
17,ILA,3720,09,OKE EDE,24566,5f0f3e4f8f77bb3acad0a919
17,ILA,3720,10,EYINDI/IPERIN,24567,5f0f3e508f77bb3acad0a91a
17,ILA,3720,11,AJABA/EDEMOSI/ABA ORANGUN,24568,5f0f3e508f77bb3acad0a91b
18,ILESA EAST,3721,01,OKESA,24569,5f0f3e508f77bb3acad0a91c
18,ILESA EAST,3721,02,IMO,24570,5f0f3e508f77bb3acad0a91d
18,ILESA EAST,3721,03,IFOSAN/OKE-ESO,24571,5f0f3e508f77bb3acad0a91e
18,ILESA EAST,3721,04,ITISIN/OGUDU,24572,5f0f3e508f77bb3acad0a91f
18,ILESA EAST,3721,05,IJAMO,24573,5f0f3e508f77bb3acad0a920
18,ILESA EAST,3721,06,UPPER & LOWER IJOKA,24574,5f0f3e518f77bb3acad0a921
18,ILESA EAST,3721,07,ILORO/ROYE,24575,5f0f3e518f77bb3acad0a922
18,ILESA EAST,3721,08,ISARE,24576,5f0f3e518f77bb3acad0a923
18,ILESA EAST,3721,09,ILERIN,24577,5f0f3e518f77bb3acad0a924
18,ILESA EAST,3721,10,BOLORUNDURO,24578,5f0f3e518f77bb3acad0a925
18,ILESA EAST,3721,11,BILADU,24579,5f0f3e518f77bb3acad0a926
19,ILESA WEST,3722,01,ITAKOGUN/UPPER EGBE-IDI,24580,5f0f3e518f77bb3acad0a927
19,ILESA WEST,3722,02,LOWER EGBE-IDI,24581,5f0f3e528f77bb3acad0a928
19,ILESA WEST,3722,03,UPPER/LOWER IGBOGI,24582,5f0f3e528f77bb3acad0a929
19,ILESA WEST,3722,04,OMOFE/IDASA,24583,5f0f3e528f77bb3acad0a92a
19,ILESA WEST,3722,05,ISOKUN,24584,5f0f3e528f77bb3acad0a92b
19,ILESA WEST,3722,06,IKOYI / IKOTI ARAROMI,24585,5f0f3e528f77bb3acad0a92c
19,ILESA WEST,3722,07,ILAJE,24586,5f0f3e528f77bb3acad0a92d
19,ILESA WEST,3722,08,ISIDA/ADETI,24587,5f0f3e528f77bb3acad0a92e
19,ILESA WEST,3722,09,EREJA,24588,5f0f3e538f77bb3acad0a92f
19,ILESA WEST,3722,10,AYESO,24589,5f0f3e538f77bb3acad0a930
20,IREPODUN,3723,01,OLOBU 'A',24590,5f0f3e538f77bb3acad0a931
20,IREPODUN,3723,02,OLOBU 'B',24591,5f0f3e538f77bb3acad0a932
20,IREPODUN,3723,03,OLOBU 'C',24592,5f0f3e538f77bb3acad0a933
20,IREPODUN,3723,04,OLOBU 'D',24593,5f0f3e538f77bb3acad0a934
20,IREPODUN,3723,05,BARA 'A',24594,5f0f3e548f77bb3acad0a935
20,IREPODUN,3723,06,BARA 'B',24595,5f0f3e548f77bb3acad0a936
20,IREPODUN,3723,07,ELERIN 'A',24596,5f0f3e548f77bb3acad0a937
20,IREPODUN,3723,08,ELERIN 'B',24597,5f0f3e558f77bb3acad0a938
20,IREPODUN,3723,09,ELERIN 'C',24598,5f0f3e558f77bb3acad0a939
20,IREPODUN,3723,10,ELERIN 'D',24599,5f0f3e568f77bb3acad0a93a
20,IREPODUN,3723,11,ELERIN 'E',24600,5f0f3e568f77bb3acad0a93b
21,IREWOLE,3724,01,IKIRE 'A',24601,5f0f3e578f77bb3acad0a93c
21,IREWOLE,3724,02,IKIRE 'B',24602,5f0f3e578f77bb3acad0a93d
21,IREWOLE,3724,03,IKIRE 'C',24603,5f0f3e578f77bb3acad0a93e
21,IREWOLE,3724,04,IKIRE 'D',24604,5f0f3e588f77bb3acad0a93f
21,IREWOLE,3724,05,IKIRE 'E',24605,5f0f3e588f77bb3acad0a940
21,IREWOLE,3724,06,IKIRE 'F',24606,5f0f3e588f77bb3acad0a941
21,IREWOLE,3724,07,IKIRE 'G',24607,5f0f3e588f77bb3acad0a942
21,IREWOLE,3724,08,IKIRE 'H',24608,5f0f3e588f77bb3acad0a943
21,IREWOLE,3724,09,IKIRE 'I',24609,5f0f3e588f77bb3acad0a944
21,IREWOLE,3724,10,IKIRE 'J',24610,5f0f3e588f77bb3acad0a945
21,IREWOLE,3724,11,IKIRE 'K',24611,5f0f3e598f77bb3acad0a946
22,ISOKAN,3725,01,OLUKOYI (OJA-OSUN),24612,5f0f3e598f77bb3acad0a947
22,ISOKAN,3725,02,OSA IKOYI (OLOKE),24613,5f0f3e598f77bb3acad0a948
22,ISOKAN,3725,03,ASALU IKOYI,24614,5f0f3e598f77bb3acad0a949
22,ISOKAN,3725,04,ORANRAN WARD,24615,5f0f3e598f77bb3acad0a94a
22,ISOKAN,3725,05,IDOGUN WARD,24616,5f0f3e598f77bb3acad0a94b
22,ISOKAN,3725,06,ALAPOMU  I (ODO-OSUN),24617,5f0f3e598f77bb3acad0a94c
22,ISOKAN,3725,07,ALAPOMU  II,24618,5f0f3e598f77bb3acad0a94d
22,ISOKAN,3725,08,ASALU (MOGIMOGI),24619,5f0f3e5a8f77bb3acad0a94e
22,ISOKAN,3725,09,OOSA ADIFA,24620,5f0f3e5a8f77bb3acad0a94f
22,ISOKAN,3725,10,AWALA  I,24621,5f0f3e5a8f77bb3acad0a950
22,ISOKAN,3725,11,AWALA  II,24622,5f0f3e5a8f77bb3acad0a951
23,IWO,3726,01,ISALE OBA  I,24623,5f0f3e5a8f77bb3acad0a952
23,IWO,3726,02,ISALE OBA  II,24624,5f0f3e5a8f77bb3acad0a953
23,IWO,3726,03,ISALE OBA  III,24625,5f0f3e5a8f77bb3acad0a954
23,IWO,3726,04,ISALE OBA  IV,24626,5f0f3e5b8f77bb3acad0a955
23,IWO,3726,05,MOLETE  I,24627,5f0f3e5b8f77bb3acad0a956
23,IWO,3726,06,MOLETE  II,24628,5f0f3e5b8f77bb3acad0a957
23,IWO,3726,07,MOLETE  III,24629,5f0f3e5b8f77bb3acad0a958
23,IWO,3726,08,OKE-ADAN  I,24630,5f0f3e5b8f77bb3acad0a959
23,IWO,3726,09,OKE-ADAN  II,24631,5f0f3e5b8f77bb3acad0a95a
23,IWO,3726,10,OKE-ADAN  III,24632,5f0f3e5b8f77bb3acad0a95b
23,IWO,3726,11,GIDIGBO  I,24633,5f0f3e5c8f77bb3acad0a95c
23,IWO,3726,12,GIDIGBO  II,24634,5f0f3e5c8f77bb3acad0a95d
23,IWO,3726,13,GIDIGBO  III,24635,5f0f3e5c8f77bb3acad0a95e
23,IWO,3726,14,OKE-OBA  I,24636,5f0f3e5c8f77bb3acad0a95f
23,IWO,3726,15,OKE-OBA  II,24637,5f0f3e5c8f77bb3acad0a960
24,OBOKUN,3727,01,IBOKUN,24638,5f0f3e5c8f77bb3acad0a961
24,OBOKUN,3727,02,IPETU-ILE/ADAOWODE,24639,5f0f3e5d8f77bb3acad0a962
24,OBOKUN,3727,03,ILAHUN/IKINYINWA,24640,5f0f3e5d8f77bb3acad0a963
24,OBOKUN,3727,04,ILASE/IDOMINASI,24641,5f0f3e5d8f77bb3acad0a964
24,OBOKUN,3727,05,EESUN/IDOOKO,24642,5f0f3e5d8f77bb3acad0a965
24,OBOKUN,3727,06,IMESI-ILE,24643,5f0f3e5d8f77bb3acad0a966
24,OBOKUN,3727,07,ESA-OKE,24644,5f0f3e5d8f77bb3acad0a967
24,OBOKUN,3727,08,OTAN-ILE,24645,5f0f3e5d8f77bb3acad0a968
24,OBOKUN,3727,09,ESA - ODO,24646,5f0f3e5d8f77bb3acad0a969
24,OBOKUN,3727,10,ILARE,24647,5f0f3e5e8f77bb3acad0a96a
25,ODO-OTIN,3728,01,OBA OJOMU,24648,5f0f3e5e8f77bb3acad0a96b
25,ODO-OTIN,3728,02,BAALE,24649,5f0f3e5e8f77bb3acad0a96c
25,ODO-OTIN,3728,03,IGBAYE,24650,5f0f3e5e8f77bb3acad0a96d
25,ODO-OTIN,3728,04,FAJI/OPETE,24651,5f0f3e5e8f77bb3acad0a96e
25,ODO-OTIN,3728,05,EKOSIN/IYEKU,24652,5f0f3e5e8f77bb3acad0a96f
25,ODO-OTIN,3728,06,ORE/AGBEYE,24653,5f0f3e5e8f77bb3acad0a970
25,ODO-OTIN,3728,07,IJABE/ILA ODO,24654,5f0f3e5f8f77bb3acad0a971
25,ODO-OTIN,3728,08,OKUA/EKUSA,24655,5f0f3e5f8f77bb3acad0a972
25,ODO-OTIN,3728,09,ASI/ASABA,24656,5f0f3e5f8f77bb3acad0a973
25,ODO-OTIN,3728,10,OLUNISA,24657,5f0f3e5f8f77bb3acad0a974
25,ODO-OTIN,3728,11,OLUKOTUN,24658,5f0f3e5f8f77bb3acad0a975
25,ODO-OTIN,3728,12,ESA OTUN BAALE ODE,24659,5f0f3e5f8f77bb3acad0a976
25,ODO-OTIN,3728,13,JAGUN OSI BALE ODE,24660,5f0f3e5f8f77bb3acad0a977
25,ODO-OTIN,3728,14,OLOYAN ELEMOSHO / ESA,24661,5f0f3e608f77bb3acad0a978
25,ODO-OTIN,3728,15,OSOLO/OPARIN/OLA,24662,5f0f3e608f77bb3acad0a979
26,OLA-OLUWA,3729,01,TELEMU,24663,5f0f3e608f77bb3acad0a97a
26,OLA-OLUWA,3729,02,ASAMU/ILEMOWU,24664,5f0f3e608f77bb3acad0a97b
26,OLA-OLUWA,3729,03,OGBAAGBA  I,24665,5f0f3e608f77bb3acad0a97c
26,OLA-OLUWA,3729,04,OGBAAGBA  II,24666,5f0f3e608f77bb3acad0a97d
26,OLA-OLUWA,3729,05,IKIRE ILE/IWARA,24667,5f0f3e608f77bb3acad0a97e
26,OLA-OLUWA,3729,06,ISERO/IKONIFIN,24668,5f0f3e618f77bb3acad0a97f
26,OLA-OLUWA,3729,07,OBAMORO/ILE OGO,24669,5f0f3e618f77bb3acad0a980
26,OLA-OLUWA,3729,08,BODE-OSI,24670,5f0f3e618f77bb3acad0a981
26,OLA-OLUWA,3729,09,AJAGBA/IWOOKE,24671,5f0f3e618f77bb3acad0a982
26,OLA-OLUWA,3729,10,ASA AJAGUNLASE,24672,5f0f3e618f77bb3acad0a983
27,OLORUNDA,3730,01,AGOWANDE,24673,5f0f3e618f77bb3acad0a984
27,OLORUNDA,3730,02,BALOGUN,24674,5f0f3e618f77bb3acad0a985
27,OLORUNDA,3730,03,AKOGUN,24675,5f0f3e628f77bb3acad0a986
27,OLORUNDA,3730,04,ATELEWO,24676,5f0f3e628f77bb3acad0a987
27,OLORUNDA,3730,05,OWOOPE,24677,5f0f3e628f77bb3acad0a988
27,OLORUNDA,3730,06,OWODE  I,24678,5f0f3e628f77bb3acad0a989
27,OLORUNDA,3730,07,OWODE  II,24679,5f0f3e628f77bb3acad0a98a
27,OLORUNDA,3730,08,AYETORO,24680,5f0f3e628f77bb3acad0a98b
27,OLORUNDA,3730,09,OBA-ILE,24681,5f0f3e628f77bb3acad0a98c
27,OLORUNDA,3730,10,OBA OKE,24682,5f0f3e638f77bb3acad0a98d
27,OLORUNDA,3730,11,ILIE,24683,5f0f3e638f77bb3acad0a98e
28,ORIADE,3731,01,ERIN-OKE,24684,5f0f3e638f77bb3acad0a98f
28,ORIADE,3731,02,ERIN-IJESA,24685,5f0f3e638f77bb3acad0a990
28,ORIADE,3731,03,IJEBU-JESA,24686,5f0f3e638f77bb3acad0a991
28,ORIADE,3731,04,IWOYE,24687,5f0f3e638f77bb3acad0a992
28,ORIADE,3731,05,IKEJI-ILE,24688,5f0f3e638f77bb3acad0a993
28,ORIADE,3731,06,IRA,24689,5f0f3e648f77bb3acad0a994
28,ORIADE,3731,07,IKEJI ARAKEJI/OWENA,24690,5f0f3e648f77bb3acad0a995
28,ORIADE,3731,08,APOTI /DAGBAJA,24691,5f0f3e648f77bb3acad0a996
28,ORIADE,3731,09,IPETU IJESA  I,24692,5f0f3e648f77bb3acad0a997
28,ORIADE,3731,10,IPETU-IJESA  II,24693,5f0f3e648f77bb3acad0a998
28,ORIADE,3731,11,IJEDA/ ILOKO,24694,5f0f3e648f77bb3acad0a999
28,ORIADE,3731,12,ERINMO/IWARAJA,24695,5f0f3e648f77bb3acad0a99a
29,OROLU,3732,01,OLUFON OROLU  'A',24696,5f0f3e658f77bb3acad0a99b
29,OROLU,3732,02,OLUFON OROLU  'B',24697,5f0f3e658f77bb3acad0a99c
29,OROLU,3732,03,OLUFON OROLU 'C',24698,5f0f3e658f77bb3acad0a99d
29,OROLU,3732,04,OLUFON OROLU 'D',24699,5f0f3e658f77bb3acad0a99e
29,OROLU,3732,05,OLUFON OROLU 'E',24700,5f0f3e658f77bb3acad0a99f
29,OROLU,3732,06,OLUFON OROLU 'F',24701,5f0f3e658f77bb3acad0a9a0
29,OROLU,3732,07,OLUFON OROLU 'G',24702,5f0f3e658f77bb3acad0a9a1
29,OROLU,3732,08,OLUFON OROLU 'H',24703,5f0f3e668f77bb3acad0a9a2
29,OROLU,3732,09,OLUFON OROLU  'I',24704,5f0f3e668f77bb3acad0a9a3
29,OROLU,3732,10,OLUFON OROLU   'J',24705,5f0f3e668f77bb3acad0a9a4
30,OSOGBO,3733,01,ATAOJA  'A',24706,5f0f3e668f77bb3acad0a9a5
30,OSOGBO,3733,02,ATAOJA  'B',24707,5f0f3e668f77bb3acad0a9a6
30,OSOGBO,3733,03,ATAOJA  'C',24708,5f0f3e668f77bb3acad0a9a7
30,OSOGBO,3733,04,ATAOJA  'D',24709,5f0f3e668f77bb3acad0a9a8
30,OSOGBO,3733,05,ATAOJA  'E',24710,5f0f3e678f77bb3acad0a9a9
30,OSOGBO,3733,06,OTUN JAGUN 'B',24711,5f0f3e678f77bb3acad0a9aa
30,OSOGBO,3733,07,ALAGBA,24712,5f0f3e678f77bb3acad0a9ab
30,OSOGBO,3733,08,ARE-AGO,24713,5f0f3e678f77bb3acad0a9ac
30,OSOGBO,3733,09,JAGUN 'A',24714,5f0f3e678f77bb3acad0a9ad
30,OSOGBO,3733,10,JAGUN B',24715,5f0f3e678f77bb3acad0a9ae
30,OSOGBO,3733,11,BABA KEKERE,24716,5f0f3e688f77bb3acad0a9af
30,OSOGBO,3733,12,OTUN JAGUN 'A',24717,5f0f3e688f77bb3acad0a9b0
30,OSOGBO,3733,13,EKETA,24718,5f0f3e688f77bb3acad0a9b1
30,OSOGBO,3733,14,OTUN BALOGUN 'A',24719,5f0f3e688f77bb3acad0a9b2
30,OSOGBO,3733,15,EKERIN,24720,5f0f3e688f77bb3acad0a9b3
